,Experiment No.,Final Test Accuracy
0,0.0,0.2375
1,1.0,0.246875
2,2.0,0.059375
3,3.0,0.153125
4,4.0,0.16875
